contestant_name,season_outcome
Shannel,4
Nina Flowers,2
Rebecca Glasscock,3
Ongina,5
Victoria Porkchop Parker,9
Akashia,7
Tammie Brown,8
Jade,6
BeBe Zahara Benet,1
Nicole Paige Brooks,11
Shangela Laquifa Wadley,12
Raven,2
Jujubee,3
Sahara Davenport,7
Morgan McMichaels,8
Mystique Summers Madison,10
Jessica Wild,6
Sonique,9
Tatianna,4
Pandora Boxx,5
Tyra Sanchez,1
Delta Work,7
Carmen Carrera,5
Phoenix,12
Manila Luzon,2
Stacy Layne Matthews,8
Venus D-Lite,13
Yara Sofia,4
Mariah,9
Alexis Mateo,3
India Ferrah,10
Mimi Imfurst,11
Raja,1
Shangela,6
Willam,7
Lashauwn Beyond,12
Jiggly Caliente,8
Phi Phi O'Hara,2
Madame LaQueer,10
Milan,9
Alisa Summers,13
DiDa Ritz,6
The Princess,11
Kenya Michaels,5
Chad Michaels,2
Sharon Needles,1
Latrice Royale,4
Detox,4
Roxxxy Andrews,2
Jade Jolie,8
Serena ChaCha,13
Alyssa Edwards,6
Jinkx Monsoon,1
Penny Tration,14
Vivienne Pinay,10
Alaska,2
Honey Mahogany,10
Ivy Winters,7
Monica Beverly Hillz,12
Lineysha Sparx,9
Coco Montrese,5
Adore Delano,2
BenDeLaCreme,5
Gia Gunn,10
Laganja Estranja,8
April Carrión,11
Kelly Mantle,13
Vivacious,12
Bianca Del Rio,1
Trinity K. Bonet,7
Joslyn Fox,6
Milk,9
Magnolia Crawford,13
Courtney Act,2
Darienne Lake,4
Miss Fame,7
Ginger Minj,2
Jaidynn Diore Fierce,8
Violet Chachki,1
Max,9
Katya,5
Jasmine Masters,12
Mrs. Kasha Davis,11
Trixie Mattel,6
Kandy Ho,10
Pearl,2
Kennedy Davenport,4
Sasha Belle,13
Tempest DuJour,14
Naomi Smalls,2
Cynthia Lee Fontaine,10
Dax ExclamationPoint,11
Naysha Lopez,9
Acid Betty,8
Robbie Turner,7
Kim Chi,2
Thorgy Thor,6
Bob the Drag Queen,1
Laila McQueen,11
Chi Chi DeVayne,4
Derrick Barry,5
Peppermint,2
Valentina,7
Eureka,11
Charlie Hides,12
Farrah Moan,8
Sasha Velour,1
Alexis Michelle,5
Shea Couleé,2
Trinity Taylor,3
Kimora Blac,13
Jaymes Mansfield,14
Nina Bo'nina Brown,6
Aja,9
Cynthia Lee Fontaine,10
Eureka,2
Asia O'Hara,4
Miz Cracker,5
Yuhua Hamasaki,12
Blair St. Clair,9
Monét X Change,6
Kameron Michaels,2
Mayhem Miller,10
Kalorie Karbdashian Williams,13
Monique Heart,8
Dusty Ray Bottoms,11
The Vixen,7
Aquaria,1
Vanessa Vanjie Mateo,
Nina West,6
Shuga Cain,7
Plastique Tiara,8
Mercedes Iman Diamond,12
Scarlet Envy,10
Honey Davenport,13
A'keria Chanel Davenport,
Yvie Oddly,
Silky Nutmeg Ganache,
Brooke Lynn Hytes,
Ariel Versace,11
Ra'jah D. O'Hara,9
Kahanna Montrese,14
Soju,15